Datetime,Open,High,Low,Close,Volume
2020-04-12T00:00:00,7073.1,7096.6,6844.9,6852.3,101.586008733244
2020-04-13T00:00:00,6852.2,6852.3,6534.8,6803.3,942.645844975137
2020-04-14T00:00:00,6803.4,6929.3,6722,6819.9,960.582381562155
2020-04-15T00:00:00,6819.5,6883,6551.6,6565.2,662.785176236939
2020-04-16T00:00:00,6565.1,7155.6,6423.9,7056.8,1027.61192411958
2020-04-17T00:00:00,7057,7097.3,6945,7004.4,807.543144987758
2020-04-19T00:00:00,7091.6,7148.1,7064,7074.1,108.308867581
2020-04-20T00:00:00,7074.1,7166.7,6704.9,6783.7,1040.21862577897
2020-04-21T00:00:00,6782.9,6897.2,6719,6797.2,851.302745995519
2020-04-22T00:00:00,6797.3,7111.3,6771.5,7080.1,750.901021234808
2020-04-23T00:00:00,7080.5,7706.1,6980.3,7434.3,984.134566038381
2020-04-24T00:00:00,7433.9,7553.7,7340.7,7477.3,599.340455649595
2020-04-26T00:00:00,7599.5,7651.2,7534.9,7649.5,73.7936763535945
2020-04-27T00:00:00,7649.2,7742.4,7582.9,7734.1,826.070955566869
2020-04-28T00:00:00,7734.1,7740.4,7616.3,7703.1,732.029482661339
2020-04-29T00:00:00,7703.1,8916.7,7672.8,8734,1248.78931413323
2020-04-30T00:00:00,8733.9,9413.9,8355.8,8571.3,1479.70655501937
2020-05-01T00:00:00,8570.8,9013.8,8566.7,8676.1,893.521810109378
2020-05-03T00:00:00,8777.8,8908.7,8754,8850.3,92.8278299342892
2020-05-04T00:00:00,8850.3,8912.7,8480.3,8829,992.452934898145
2020-05-05T00:00:00,8829.1,9065.1,8732.2,8969.7,969.468298402477
2020-05-06T00:00:00,8969.8,9353.2,8867,9107.2,1041.69666978571
2020-05-07T00:00:00,9107.2,10016.2,8988.5,9949.7,1234.21226149457
2020-05-08T00:00:00,9949.8,9994.7,9676.9,9944.1,971.579796337814
2020-05-10T00:00:00,8675,8783.2,8529,8679.7,113.10416348018
2020-05-11T00:00:00,8679.7,9115.5,8145.7,8515.6,1383.21414317213
2020-05-12T00:00:00,8515.4,8922.4,8486.7,8766,1200.35352521716
2020-05-13T00:00:00,8766.1,9357.1,8749.2,9265.5,1261.65103081387
2020-05-14T00:00:00,9265.5,9888.5,9212.9,9737.5,1174.0044448332
2020-05-15T00:00:00,9737.5,9788.7,9092.2,9186.1,771.898471849214
2020-05-17T00:00:00,9676.2,9729.6,9553.4,9619.4,82.8534261535242
2020-05-18T00:00:00,9619.5,9898.5,9414.7,9674.8,761.913768047893
2020-05-19T00:00:00,9674.8,9841.1,9409.9,9722.8,1030.01091099821
2020-05-20T00:00:00,9722.5,9783.3,9259.3,9453.8,832.696350416525
2020-05-21T00:00:00,9453.8,9511.8,8748.4,9003.5,878.25000444151
2020-05-22T00:00:00,9003.6,9210.6,8876.1,9127.6,610.649402410025
2020-05-24T00:00:00,8943.9,9021.8,8640.1,8658,84.6791271129623
2020-05-25T00:00:00,8658.5,8921.6,8581.4,8843.4,947.401625862636
2020-05-26T00:00:00,8843.4,8962,8644.1,8785.1,673.19034302506
2020-05-27T00:00:00,8785,9172.5,8759.1,9150.3,529.189888243534
2020-05-28T00:00:00,9150.5,9567.5,9060,9523.6,515.197607567283
2020-05-29T00:00:00,9522.4,9549.7,9285,9362.3,452.146927965179
2020-05-31T00:00:00,9449.5,9460.1,9334.4,9390.2,75.5060073185487
2020-06-01T00:00:00,9390.1,10357.3,9367.4,10152.5,293.987510530467
2020-06-02T00:00:00,10152.5,10176.8,9245.7,9463.6,512.751138675345
2020-06-03T00:00:00,9463.9,9633.8,9341,9609.4,470.60895168791
2020-06-04T00:00:00,9610.3,9829.2,9404.7,9736.2,644.47068576825
2020-06-05T00:00:00,9736.1,9800.9,9566.6,9659.6,548.91797384574
2020-06-07T00:00:00,9671.1,9732.7,9644.3,9697.9,64.7299525614967
2020-06-08T00:00:00,9697.8,9754.1,9598.6,9727.1,569.505273440623
2020-06-09T00:00:00,9727.1,9834.6,9527.8,9727,570.071022376081
2020-06-10T00:00:00,9726.9,9959.3,9651.3,9836.6,611.925228454297
2020-06-11T00:00:00,9836.5,9953.5,9038.1,9217.1,568.394059557903
2020-06-12T00:00:00,9217.1,9495.6,9177.2,9407.5,434.716513428582
2020-06-14T00:00:00,9325,9347.3,9199.6,9276.2,65.5876555505924
2020-06-15T00:00:00,9276.3,9443.7,8853.5,9375.5,586.103775205705
2020-06-16T00:00:00,9375.4,9534.9,9329.2,9471.9,520.107117638176
2020-06-17T00:00:00,9471.8,9505.3,9189.2,9399.1,322.71896506737
2020-06-18T00:00:00,9399.8,9423,9218,9324.2,330.058599854844
2020-06-19T00:00:00,9323.3,9374.4,9177.9,9259.3,290.098733743683
2020-06-21T00:00:00,9253.3,9272.2,9223.1,9232.2,8.39179582629367
2020-06-22T00:00:00,9229.9,9730.6,9217.4,9634.6,292.280188714276
2020-06-23T00:00:00,9634.6,9667,9524.2,9565.9,404.503862244616
2020-06-24T00:00:00,9565.9,9612.1,9146.3,9232.6,322.599484982341
2020-06-25T00:00:00,9232.6,9278.7,8939.8,9185.9,367.10085309563
2020-06-26T00:00:00,9186.2,9234.4,8975.9,9132.4,343.687115580613
2020-06-28T00:00:00,9052.8,9074.5,9018.6,9062.3,43.7275210409753
2020-06-29T00:00:00,9064,9179.4,8962.5,9132.4,496.306048162345
2020-06-30T00:00:00,9133.2,9150.5,9008.1,9079.8,444.041478285912
2020-07-01T00:00:00,9080.4,9240.9,9037,9181,496.655544174047
2020-07-02T00:00:00,9180.9,9210,8891.6,9034.9,563.84377863803
2020-07-03T00:00:00,9035.4,9077.9,9001.8,9037.5,378.696882631557
2020-07-05T00:00:00,8952.3,9043.6,8870.3,9026.6,15.3396076762861
2020-07-06T00:00:00,9026.6,9315.9,9008,9292.4,255.000675514144
2020-07-07T00:00:00,9293.6,9323.4,9150.7,9201.5,280.062202918868
2020-07-08T00:00:00,9201.3,9420.3,9180.8,9384.2,319.716192107778
2020-07-09T00:00:00,9384.1,9392.3,9109.1,9182.3,273.185063053208
2020-07-10T00:00:00,9182.2,9197,9070,9175.7,199.761416663984
2020-07-12T00:00:00,9175.9,9277.1,9165.5,9245.5,1.37483997596473
2020-07-13T00:00:00,9245.4,9287.2,9144.9,9180.7,1.87103201216269
2020-07-14T00:00:00,9180.6,9223.2,9069.9,9199.9,1.03503802156547
2020-07-15T00:00:00,9199.9,9216.5,9101,9138,0.728829014860821
2020-07-16T00:00:00,9138,9157.5,8977.1,9074.5,0.84790301762996
2020-07-17T00:00:00,9074.5,9125.8,9022.6,9100.4,0.499435008997352
2020-07-19T00:00:00,9116.9,9180,9108.6,9157.8,0.116260001335377
2020-07-20T00:00:00,9158.1,9168,9081.6,9106.6,0.617632011440037
2020-07-21T00:00:00,9106.6,9381.3,9102.1,9337.3,0.867193017134923
2020-07-22T00:00:00,9337.8,9508.1,9229.7,9480.8,0.650440012245326
2020-07-23T00:00:00,9480.8,9621.9,9402.5,9557.8,0.552697009772146
2020-07-24T00:00:00,9557.8,9575.6,9421.1,9572,0.414308005957537
2020-07-26T00:00:00,9825.7,9892.1,9819.2,9883.5,0.0712980000430434
2020-07-27T00:00:00,9883.5,11351.3,9879.8,10990,2.20575904031193
2020-07-28T00:00:00,10990,11200.7,10534,10876.5,2.1203960358348
2020-07-29T00:00:00,10876.5,11293.9,10794.6,11053.6,1.55793102505231
2020-07-30T00:00:00,11053.7,11128.2,10796.6,11057.4,1.26782702349237
2020-07-31T00:00:00,11057.3,11398.3,10921.7,11270.7,0.759599009091744
2020-08-02T00:00:00,11196.4,11211.6,10946.5,11009,0.20829699924343
2020-08-03T00:00:00,11009.3,11423.6,10907.8,11178.6,0.931782010710322
2020-08-04T00:00:00,11178.3,11361.5,10986.2,11137.3,0.586496002769309
2020-08-05T00:00:00,11137.3,11739.5,11045.2,11697.3,0.63008200103468
2020-08-06T00:00:00,11697.3,11857,11523,11715.4,0.689884003386851
2020-08-07T00:00:00,11715.5,11859.7,11293.7,11452.2,0.596141004807123
2020-08-09T00:00:00,11618.2,11644,11574.5,11628.5,0.132980999922893
2020-08-10T00:00:00,11628.5,12025.5,11462.5,11839.7,1.27282702774073
2020-08-11T00:00:00,11840.1,11885,11071.7,11331.2,2.18925306254187
2020-08-12T00:00:00,11331.2,11567.6,11110.7,11515,1.26994102646677
2020-08-13T00:00:00,11515,11742.6,11222.6,11736.1,1.73336904545113
2020-08-14T00:00:00,11736.1,11805.1,11599,11759.8,1.62369505133529
2020-08-16T00:00:00,11792.9,11863.7,11781.1,11859.9,0.284617005158452
2020-08-17T00:00:00,11860.1,12419.8,11719.4,12244.1,2.2944610707591
2020-08-18T00:00:00,12243.6,12340.1,11780.4,11900.2,2.84671009351678
2020-08-19T00:00:00,11899.7,11964.9,11539.4,11700.6,4.1456351426641
2020-08-20T00:00:00,11700.2,11836.7,11621.7,11808.9,2.57080608599563
2020-08-21T00:00:00,11808.9,11828.3,11557.1,11619.7,2.26104707714512
2020-08-23T00:00:00,11611.6,11630.9,11586.1,11595.9,0.226093004844188
2020-08-24T00:00:00,11596.1,11769.2,11540.4,11699.2,1.95614406673849
2020-08-25T00:00:00,11699.2,11712.4,11066.8,11272.5,2.9436500995439
2020-08-26T00:00:00,11272.5,11485,11200,11410.6,1.79716005638056
2020-08-27T00:00:00,11410.6,11537.3,11072.3,11273.8,2.59619508260857
2020-08-28T00:00:00,11274,11494,11229.7,11454.4,1.77808005756788
2020-08-29T00:00:00,11409,11465.4,11404.1,11461.3,0.0212520001659868
2020-08-30T00:00:00,11506.8,11659.9,11502.4,11659.6,0.180557996108291
2020-08-31T00:00:00,11659,11722.5,11527.1,11601.3,1.61824396020529
2020-09-01T00:00:00,11600.9,12005.1,11488.1,11874,2.6687749339244
2020-09-02T00:00:00,11874.5,11901,11165.1,11366.6,2.63260393828841
2020-09-03T00:00:00,11366.8,11452.3,9993.5,10150.7,4.81919089352323
2020-09-04T00:00:00,10149.8,10611.8,9893.1,10438,3.64733692197024
2020-09-05T00:00:00,10438,10539,9831.3,10141.9,4.59079690673207
2020-09-06T00:00:00,10141.9,10331.4,9979.2,10237,4.3976648960379
2020-09-07T00:00:00,10237.3,10389.2,9863.6,10354.8,4.43354495003541
2020-09-08T00:00:00,10354.6,10421.6,9840.4,10105.3,5.14747994294839
2020-09-09T00:00:00,10105.7,10328.1,9965.3,10207.2,3.02230496686707
2020-09-10T00:00:00,10207.1,10470.4,10205,10327.4,1.66921698435635
2020-09-11T00:00:00,10327.4,10382.2,10188.1,10372.1,0.554156997664563
2020-09-12T00:00:00,10371.7,10458.7,10256.9,10425.8,1.09463198745152
2020-09-13T00:00:00,10425.9,10558.7,10196.7,10316.8,0.606881007194374
2020-09-14T00:00:00,10316.9,10740.7,10232.3,10657.5,0.798385006078774
2020-09-15T00:00:00,10657.5,10916.5,10606.8,10765.9,0.961698010377859
2020-09-16T00:00:00,10765.9,11076.2,10649.3,10935.2,1.0129340121016
2020-09-17T00:00:00,10935.1,11026,10733.1,10925.7,0.865900008739914
2020-09-18T00:00:00,10925.7,11019.9,10801.3,10911.1,0.787106007283001
2020-09-19T00:00:00,10911,11157,10869.5,11062.8,0.7238740095396
2020-09-20T00:00:00,11062.8,11062.9,10748.2,10899,0.706949008589618
2020-09-21T00:00:00,10898.7,10972.3,10285.5,10399.1,0.965064008127456
2020-09-22T00:00:00,10400.2,10554,10341.4,10514.9,0.755798006403893
2020-09-23T00:00:00,10514.4,10521.2,10120.3,10217.1,0.82325300795253
2020-09-24T00:00:00,10217.1,10773,10177.1,10718.9,0.876142007771136
2020-09-25T00:00:00,10718.9,10741.4,10541.9,10666,0.914450010184282
2020-09-26T00:00:00,10666.6,10800.5,10634.4,10711.8,0.751675009385167
2020-09-27T00:00:00,10711.7,10783.1,10577.4,10755.2,0.729718009605335
2020-09-28T00:00:00,10755.5,10938.3,10621.2,10674.4,0.790135008709399
2020-09-29T00:00:00,10674.4,10846.5,10622.3,10822.1,0.712428007846029
2020-09-30T00:00:00,10822,10826.9,10647.5,10760.2,0.614926005716825
2020-10-01T00:00:00,10760.5,10907.8,10432.3,10596.4,0.652957006374436
2020-10-02T00:00:00,10596.2,10642.2,10365.5,10548.8,0.941716009676952
2020-10-03T00:00:00,10549.7,10581.2,10477.3,10531,0.672931007421198
2020-10-04T00:00:00,10530.9,10676.1,10507.8,10655.8,0.588721007976801
2020-10-05T00:00:00,10655.7,10778.2,10608.9,10775.6,0.586241006969431
2020-10-06T00:00:00,10775.6,10780.7,10510.5,10583.2,0.631606006538277
2020-10-07T00:00:00,10583.2,10662.2,10530.1,10652.9,0.548042004322269
2020-10-08T00:00:00,10652.8,10940.6,10520,10912.3,0.616474006315684
2020-10-09T00:00:00,10912.3,11095.8,10818.8,11033.6,0.584954005953477
2020-10-10T00:00:00,11033.4,11462.8,11033.4,11279.6,0.681997007755172
2020-10-11T00:00:00,11279.3,11420.8,11264.7,11353.9,0.530966007036341
2020-10-12T00:00:00,11353.7,11708.7,11184.2,11516,0.775609007295429
2020-10-13T00:00:00,11516,11541.2,11295.3,11406.4,0.752510006905595
2020-10-14T00:00:00,11406.2,11531.8,11277.9,11408.4,0.661441006477162
2020-10-15T00:00:00,11408.5,11606.9,11249.2,11490.2,0.655773006019217
2020-10-16T00:00:00,11490.2,11529.9,11197,11300.9,0.78578800726882
2020-10-17T00:00:00,11301.3,11384.3,11248.5,11345.7,0.488205005319628
2020-10-18T00:00:00,11345.8,11498.4,11334.1,11492.1,0.385743004941332
2020-10-19T00:00:00,11492.1,11817.3,11395.9,11737.4,0.691375006241287
2020-10-20T00:00:00,11737.4,12035.7,11667.7,11904.3,0.865080005287382
2020-10-21T00:00:00,11904.3,13230.6,11882.1,12789.2,1.16961800374668
2020-10-22T00:00:00,12789.3,13184.9,12683.9,12968.3,1.04572400504469
2020-10-23T00:00:00,12963.5,13016,12712.2,12916.4,0.885961004339606
2020-10-24T00:00:00,12916.4,13153,12863.5,13105.4,0.660099006267956
2020-10-25T00:00:00,13105.6,13333.9,12884.8,13021.2,0.67238700722794
2020-10-26T00:00:00,13021.2,13229.5,12768.5,13052.1,0.931297003498116
2020-10-27T00:00:00,13052.1,13771.1,13045.8,13636.5,0.89690300013342
2020-10-28T00:00:00,13636.5,13836,12883.9,13270,1.17000600023812
2020-10-29T00:00:00,13270,13632.5,12965.9,13448.4,0.934762998167798
2020-10-30T00:00:00,13448.4,13680.8,13109.8,13540.9,1.36739100296495
2020-10-31T00:00:00,13541.6,14069.1,13406,13778,2.47176301997149
2020-11-01T00:00:00,13777.7,13879.6,13609.7,13751.3,2.48972301782021
2020-11-02T00:00:00,13751.7,13821.2,13198.3,13550.7,1.13878500090289
2020-11-03T00:00:00,13550.7,14064.5,13276.4,14024.2,1.25121800137356
2020-11-04T00:00:00,14024.1,14256.3,13526.6,14144.2,1.12977099887758
2020-11-05T00:00:00,14144.2,15747.1,14094.4,15589.7,1.61382700190097
2020-11-06T00:00:00,15587.3,15950.5,15188.8,15576.8,1.81963000241069
2020-11-07T00:00:00,15577,15749.8,14354.5,14816.1,1.99478701889223
2020-11-08T00:00:00,14817.1,15633.8,14709.9,15463.1,1.45523401467847
2020-11-09T00:00:00,15462.7,15834.7,14809.8,15321.1,1.60364200859181
2020-11-10T00:00:00,15321.1,15458.6,15077.1,15295.3,1.24317400182838
2020-11-11T00:00:00,15293.5,15976.4,15272.2,15683.6,1.37889400563677
2020-11-12T00:00:00,15683.6,16343.8,15462,16288.3,1.37959800110445
2020-11-13T00:00:00,16288.3,16470.8,15955,16317.3,1.28584000035141
2020-11-14T00:00:00,16317.1,16317.3,15703.4,16058.7,2.8434400221571
2020-11-15T00:00:00,16058.7,16146.7,15776.1,15949.1,2.56570102044805
2020-11-16T00:00:00,15949.1,16869,15858.1,16709.1,1.33435500326982
2020-11-17T00:00:00,16709.1,17860,16553.7,17664.3,1.52255799945215
2020-11-18T00:00:00,17664.3,18465,17227.1,17778.2,2.01584200100854
2020-11-19T00:00:00,17778.1,18176.4,17343,17804,1.55655999768726
2020-11-20T00:00:00,17804.3,18811,17746.5,18650.9,1.83080800478342
2020-11-21T00:00:00,18650.7,18955.2,18341.1,18692.1,3.6971260280003
2020-11-22T00:00:00,18692.1,18740.2,17602.8,18418.7,5.36517203994094
2020-11-23T00:00:00,18418.6,18758.8,17987.5,18361.4,2.07809900446489
2020-11-24T00:00:00,18363.8,19419.6,18060.4,19152.5,1.9422090032009
2020-11-25T00:00:00,19152.4,19480.4,18489.2,18704.6,1.58762600449154
2020-11-26T00:00:00,18704.6,18902.2,16202.8,17145.1,2.84851901684817
2020-11-27T00:00:00,17145,17453.8,16424.8,17122.5,2.16040001274337
2020-11-28T00:00:00,17122.1,17870.3,16856,17716.6,1.67105001696586
2020-11-29T00:00:00,17714.7,18329.3,17519.7,18179.2,1.73083601883729
2020-11-30T00:00:00,18179.3,19857.9,18179.3,19689.1,2.13804701580364
2020-12-01T00:00:00,19689.3,19892.7,18119.5,18760.9,3.22362102860291
2020-12-02T00:00:00,18762,19320.1,18318.4,19200.2,2.83230002505002
2020-12-03T00:00:00,19200.2,19593.4,18861.8,19425.3,2.1203480202322
2020-12-04T00:00:00,19424.9,19520.4,18560.2,18637.7,2.16959301916484
2020-12-05T00:00:00,18637.3,19162.1,18490.1,19134.3,1.741947016783
2020-12-06T00:00:00,19135.1,19399.3,18861.8,19352.3,1.58962801629912
2020-12-07T00:00:00,19352,19404.4,18885.5,19155.4,1.5543020148923
2020-12-08T00:00:00,19155.3,19274.1,18180.4,18294.3,1.75968001674926
2020-12-09T00:00:00,18294.1,18622.2,17619.5,18526.5,2.16315701929079
2020-12-10T00:00:00,18526.5,18533.2,17885.8,18229.3,1.71727401475619
2020-12-11T00:00:00,18231.3,18268.3,17565.5,18075.3,2.28404902125772
2020-12-12T00:00:00,18238.3,18928.7,18187.3,18791.8,1.65384701533037
2020-12-13T00:00:00,18791.6,19389.3,18705.6,19140.6,1.7881820190604
2020-12-14T00:00:00,19140.6,19322.1,18978,19250.8,1.82624201890133
2020-12-15T00:00:00,19251.3,19537.4,19030.1,19417.4,1.84446601852187
2020-12-16T00:00:00,19417.5,21534.4,19278.7,21339.8,2.24474901640372
2020-12-17T00:00:00,21338.5,23741.9,21232.5,22804.1,4.81345203244052
2020-12-18T00:00:00,22803.7,23260.1,22339.9,23111.5,4.04831102868388
2020-12-19T00:00:00,23111.5,24156.1,22770.8,23834.2,2.75282502164922
2020-12-20T00:00:00,23832,24270.1,23095.5,23455.8,3.68764172945752
2020-12-21T00:00:00,23455.8,24089.3,21931.5,22706.4,3.91539892899245
2020-12-22T00:00:00,22706.4,23814.2,22363.7,23802.3,3.94857752706405
2020-12-23T00:00:00,23802.3,24059.5,22625.1,23203.5,4.17143002872285
2020-12-24T00:00:00,23202.8,23757.2,22693.9,23692.5,3.49932502545789
2020-12-25T00:00:00,23691.9,24749,23391.3,24682,2.69896701926632
2020-12-26T00:00:00,24681,26799.5,24466.7,26440.7,2.5346610188584
2020-12-27T00:00:00,26445.7,28357.3,25778.6,26227.7,4.35268503495024
2020-12-28T00:00:00,26226.7,27449.5,26057.9,27007.3,4.35593803244933
2020-12-29T00:00:00,27007.5,27375.5,25826.6,27344.4,4.14067803052239
2020-12-30T00:00:00,27344.6,28976.2,27335.1,28862.3,4.26498153267961
2020-12-31T00:00:00,28861.2,29275.1,27970.1,28967.5,3.24762262429472
2021-01-01T00:00:00,29222.5,29389.1,29176.1,29384.7,0.124160000813504
2021-01-02T00:00:00,29384.5,33297.4,29017.1,32191.7,3.58418002927982
2021-01-03T00:00:00,32187.2,34773,31995.5,33050.1,4.74682364070568
2021-01-04T00:00:00,33050.1,33636.3,27909.6,32007.5,5.00826603881546
2021-01-05T00:00:00,32007.3,34473.2,29924.1,34027.5,5.57256804152507
2021-01-06T00:00:00,34027.5,37012.6,33353.4,36834.5,4.97539603450286
2021-01-07T00:00:00,36838.9,40373.2,36339.9,39473.4,5.72049902605454
2021-01-08T00:00:00,39471.5,41967.1,36585.5,40630.4,5.23533202703652
2021-01-09T00:00:00,40630.4,41422.9,38765.3,40238.9,1.96715671336017
2021-01-10T00:00:00,40226.9,41435.7,34888.7,38156,2.57649981797957
2021-01-11T00:00:00,38152,38243.7,30288.2,35412.5,5.46471843516692
2021-01-12T00:00:00,35414.8,36587.7,32482.3,33998.7,2.40055741264273
2021-01-13T00:00:00,33996.9,37783.7,32339.9,37347.7,2.26612420972603
2021-01-14T00:00:00,37347.7,40073.6,36732.3,39105.6,1.97499300979871
2021-01-15T00:00:00,39105.6,39649.8,34384.3,36734,52968.9980709243
2021-01-16T00:00:00,36734.9,37919.2,35367.1,35986.6,91884.8127969921
2021-01-17T00:00:00,35983,36816.2,33831.8,35798,82430.0654100029
2021-01-18T00:00:00,35798.6,37404.7,34755.2,36603.4,124566.044006085
2021-01-19T00:00:00,36590,37830.3,35878.5,35898.1,130235.601219094
2021-01-20T00:00:00,35897.8,36383,33382.7,35485.6,110582.999427542
2021-01-21T00:00:00,35480.1,35597.7,30022,30793.8,120234.687347009
2021-01-22T00:00:00,30800.8,33831.3,28778.2,32982.5,105331.254918827
2021-01-23T00:00:00,32981.7,33453.8,31415.5,32082.4,70042.5220290033
2021-01-24T00:00:00,32080.3,33058.9,30934.6,32261.2,63377.3812420296
2021-01-25T00:00:00,32264.3,34855.6,31912.9,32245.6,1.27432099690395
2021-01-26T00:00:00,32244,32918.3,30813.1,32495.3,1.4485888966908
2021-01-27T00:00:00,32495.1,32559.4,29207,30393.3,1.72334539731584
2021-01-28T00:00:00,30396.7,33809,29876.1,33412.2,1.72675299727382
2021-01-29T00:00:00,33422.3,38605.3,31973.9,34223.2,1.94923399927841
2021-01-30T00:00:00,34225.2,34890.5,32831.8,34290.9,0.869576503868835
2021-01-31T00:00:00,34289.6,34355.2,32183.7,33105.4,0.845933003639288
2021-02-01T00:00:00,33104.8,34682.1,32311.5,33514.8,1.57196799990379
2021-02-02T00:00:00,33514.7,35983.7,33432.2,35486.4,1.49026999974888
2021-02-03T00:00:00,35486.7,37698.2,35382,37666.3,1.37217499787494
2021-02-04T00:00:00,37668.3,38723.9,36196.6,36969.8,2.00683540126531
2021-02-05T00:00:00,36969.8,38328.1,36607.8,38297.2,1.45538100119131
2021-02-06T00:00:00,38304.3,40935.6,38236.3,39250.8,1.1249110069059
2021-02-07T00:00:00,39254,39688.4,37382.5,38845.4,1.29546710542356
2021-02-08T00:00:00,38845.3,46714.3,38041.7,46388.2,1.50900910133603
2021-02-09T00:00:00,46390.3,48183.5,45007.9,46474.4,1.7272569990007
2021-02-10T00:00:00,46471.7,47331.5,43706.3,44809.1,1.48239699810745
2021-02-11T00:00:00,44810.4,48636.4,43999.7,47958.3,1.41017699764734
2021-02-12T00:00:00,47959.1,48890.1,46250,47387.5,1.59877300007327
2021-02-13T00:00:00,47386.6,48154.6,46242.2,47186.6,1.08849530472195
2021-02-14T00:00:00,47187,49643.9,47066.4,48631.1,1.14581100473924
2021-02-15T00:00:00,48628.5,49000,45891,47899.6,1.74733999983391
2021-02-16T00:00:00,47899.7,50544.9,47030.8,49137.1,1.8874562022757
2021-02-17T00:00:00,49136.9,52596.9,48921.4,52115.9,1.81915700042805
2021-02-18T00:00:00,52115.3,52511.9,50858.9,51553,1.19785199814521
2021-02-19T00:00:00,51550.4,56284.8,50730.5,55894.5,1.47160310232238
2021-02-20T00:00:00,55907.8,57451.8,53977.1,55893.7,0.87216650389297
2021-02-21T00:00:00,55893.7,58304.5,55492.2,57446.1,1.76833600870555
2021-02-22T00:00:00,57443.3,57529.4,47598.3,54101.7,2.0648640034243
2021-02-23T00:00:00,54101.7,54151.9,44905.1,48859.6,3.33929001151751
2021-02-24T00:00:00,48858.1,51374,46990,49699.8,2.31584300193265
2021-02-25T00:00:00,49698.8,52038.4,46687.7,47026.7,1.99887200040973
2021-02-26T00:00:00,47033,48416,44122.1,46290.7,2.42433220343072
2021-02-27T00:00:00,46277.6,48301.9,45007,46123.8,1.50986730824393
2021-02-28T00:00:00,46121.6,46606.8,42990.3,45204.6,2.54859381209729
2021-03-01T00:00:00,45201.8,49781.2,45004.7,49592.9,1.73911999950167
2021-03-02T00:00:00,49590,50198.9,47048,48451.4,1.76903300135666
2021-03-03T00:00:00,48451.5,52595,48135.3,50352,1.75369600135775
2021-03-04T00:00:00,50352,51757.2,47461.3,48319.9,2.09169200274427
2021-03-05T00:00:00,48318.8,49428.9,46276.4,48722,1.89959390262232
2021-03-06T00:00:00,48721.8,49159.2,47046.7,48847.8,1.23939920611602
2021-03-07T00:00:00,48854.6,51419.4,48854.6,50944,1.48070100733173
2021-03-08T00:00:00,50941.2,52368.8,49299.5,52367.8,1.55381739909089
2021-03-09T00:00:00,52367.8,54886.9,51828.3,54886.4,1.48034059983195
2021-03-10T00:00:00,54885.6,57339.5,53001.1,55837,1.84360910167593
2021-03-11T00:00:00,55836.2,58100,54267.6,57761.9,2.05452410349539
2021-03-12T00:00:00,57761.9,58019.9,55025.2,57195.1,1.58003400158213
2021-03-13T00:00:00,57194.8,61722.4,56055.7,61123.1,1.19922640995544
2021-03-14T00:00:00,61126.8,61624.9,58959.5,58965.2,1.25756201246224
2021-03-15T00:00:00,58957.2,60550.9,54676.8,55607.1,2.11888440373255
2021-03-16T00:00:00,55607.1,56886.8,53226.5,56876.4,1.89000500203622
2021-03-17T00:00:00,56876.4,58932.1,54132.3,58876.7,2.24737800537162
2021-03-18T00:00:00,58880.7,60058.9,57020.6,57604,1.71424340250957
2021-03-19T00:00:00,57602.7,59419.3,56255,58034.6,1.52689300211273
2021-03-20T00:00:00,58032.2,59819.7,57803.4,58081.6,0.978810005274568
2021-03-21T00:00:00,58081.6,58584,55503.7,57320.6,1.43834580747607
2021-03-22T00:00:00,57320.6,58380.8,53729.7,54051.3,2.04753500448783
2021-03-23T00:00:00,54051.3,55796.9,52961.1,54314.1,1.8472100027119
2021-03-24T00:00:00,54314.1,57165.7,51680,52252.3,1.80663000194035
2021-03-25T00:00:00,52254.3,53187.8,50405.4,51279.1,1.94688170134541
2021-03-26T00:00:00,51279.1,55055,51226.6,55024.7,1.96456200471914
2021-03-27T00:00:00,55022,56563.7,53951.1,55824.8,1.10070000786675
2021-03-28T00:00:00,55824.8,56495.4,54691.7,55737.9,1.10915700917019
2021-03-29T00:00:00,55737.3,58357.2,54886.5,57588.4,1.77478001127974
2021-03-30T00:00:00,57588.4,59394.2,57021.9,58752.3,1.954306021766
2021-03-31T00:00:00,58748,59784.9,56875.7,58747.3,2.058437013858
2021-04-01T00:00:00,58742.9,59440.5,57929.6,58686.1,1.58277200470445
2021-04-02T00:00:00,58684.1,60051.7,58432.1,58945.7,1.15820360545264
2021-04-03T00:00:00,58940.7,59743.5,56910.5,57051,0.630427003464547
2021-04-04T00:00:00,57046.3,58448.6,56452,58169.9,0.816853004796144
2021-04-05T00:00:00,58169.9,59211.9,56806.1,59088,1.522466005723
2021-04-06T00:00:00,59088.8,59425.5,57354.1,57974.9,1.30987200342076
2021-04-07T00:00:00,57975,58604.1,55434.7,55914.3,1.49260100223569
2021-04-08T00:00:00,55912.1,58107.8,55674.5,58033.3,0.97622300213493
2021-04-09T00:00:00,58033.3,58839.7,57655.3,58053.8,1.0618260049032
2021-04-10T00:00:00,58056.4,61126.7,57836.2,59738.3,0.780876009448093
2021-04-11T00:00:00,59738.3,60619.6,59184,59939.1,0.874031011147736
2021-04-12T00:00:00,59939.1,61208.8,59388.2,59805.2,1.50869601576414
2021-04-13T00:00:00,59805.2,63703.6,59767.6,63542.8,1.66150040444484
2021-04-14T00:00:00,63542.8,64848.7,61287.2,62934.5,1.86639700533124
2021-04-15T00:00:00,62934.5,63779.1,62006.5,63185.7,1.56139900238645
2021-04-16T00:00:00,63186.2,63541.4,60016.3,61380.8,1.77120400497677
2021-04-17T00:00:00,61379.8,62521,59679.8,60021.4,0.81102890430487
2021-04-18T00:00:00,60035.8,60376.5,52258.3,56231.2,1.66145400795347
2021-04-19T00:00:00,56228.2,57554,54272.2,55654.1,1.90718000295089
2021-04-20T00:00:00,55654.5,57059.5,53379.7,56453.4,2.26989801063723
2021-04-21T00:00:00,56453.4,56761.7,53597.8,53767.2,2.14884800746313
2021-04-22T00:00:00,53767.2,55416,50467.7,51671.6,2.54217501548692
2021-04-23T00:00:00,51671.6,52088,47502,51128.9,2.49680101920524
2021-04-24T00:00:00,51129.3,51178.5,48734.2,50061.2,1.24303701220219
2021-04-25T00:00:00,50067.9,50539.3,47057.7,49076.1,1.45286011716953
2021-04-26T00:00:00,49076.4,54359.7,48792.7,54015.3,2.78183292118207
2021-04-27T00:00:00,54015.3,55451.9,53317.8,55030.1,1.85427200509321
2021-04-28T00:00:00,55029,56425.7,53856.8,54838.1,2.08848000700675
2021-04-29T00:00:00,54837.9,55174,52360,53538.2,1.97023200802846
2021-04-30T00:00:00,53538.3,57950.8,53043.7,57748.8,1.63062900408863
2021-05-01T00:00:00,57746.6,58486.9,57035.8,57812.5,0.861573003463263
2021-05-02T00:00:00,57812.5,57925.6,56065.1,56575.7,1.09178730463551
2021-05-03T00:00:00,56574.3,58939.2,56490.1,57161.8,1.74764300377262
2021-05-04T00:00:00,57161.8,57190.6,53102.2,53189.2,2.33990000824031
2021-05-05T00:00:00,53189.2,57913.6,52952,57472.8,1.95304480611912
2021-05-06T00:00:00,57469.3,58363.6,55279.2,56390.2,2.16631700731614
2021-05-07T00:00:00,56388.8,58656.4,55287.8,57326.7,2.36162000926345
2021-05-08T00:00:00,57326.6,59480.7,56938.5,58912.8,1.08024400508918
2021-05-09T00:00:00,58912.8,59215.8,56278,58258.8,1.22197910630773
2021-05-10T00:00:00,58258.8,59533.5,53708.9,55830.6,2.9686401151888
2021-05-11T00:00:00,55827.2,56896,54470.4,56707.4,2.75385611032639
2021-05-12T00:00:00,56707.4,57951.6,48620.3,49474.9,2.9123955130645
2021-05-13T00:00:00,49468.7,51350.3,45910.4,49648.2,3.00689721258289
2021-05-14T00:00:00,49648.2,51518.3,48860.7,49841.6,2.51128720859464
2021-05-15T00:00:00,49847.3,50663.9,46559.1,46721.3,1.47534210930127
2021-05-16T00:00:00,46719.7,49729.3,43816.3,46412.4,2.01530711922437
2021-05-17T00:00:00,46412.4,46590.7,42084.3,43523.4,3.23779301041236
2021-05-18T00:00:00,43523.4,45798,42265.9,42843.7,3.35174401069071
2021-05-19T00:00:00,42843.7,43537.2,29814,36713,3.11670251343377
2021-05-20T00:00:00,36713,42478.3,34972.1,40565.9,3.27088021650391
2021-05-21T00:00:00,40566.8,42217,33502.1,37288.2,3.21190101509126
2021-05-22T00:00:00,37287.8,38807.5,35218.9,37431.9,2.25401901768623
2021-05-23T00:00:00,37431.7,38241.6,31110.5,34651.8,3.05860802785969
2021-05-24T00:00:00,34651.8,39884.6,34432.9,38808.1,3.21514901561306
2021-05-25T00:00:00,38807.2,39793.7,36458.8,38332.7,3.31159611142369
2021-05-26T00:00:00,38330.4,40829.2,37798.4,39248.1,2.69475101227385
2021-05-27T00:00:00,39247.1,40349.1,37157.9,38489,2.36461941245344
2021-05-28T00:00:00,38489,38828.3,34681.1,35632.7,2.61432341154728
2021-05-29T00:00:00,35632.8,37251.8,33618.3,34574.5,1.19108400474067
2021-05-30T00:00:00,34577.2,36453,33402.7,35623,2.71587801202099
2021-05-31T00:00:00,35623,37468,34154,37236.6,2.92317001380457
2021-06-01T00:00:00,37236.6,37866.2,35687.2,36636.6,2.70422301577091
2021-06-02T00:00:00,36635.9,38189.9,35899.6,37534.8,1.7573810074357
2021-06-03T00:00:00,37534.8,39439,37159.9,39190.6,2.28337101523186
2021-06-04T00:00:00,39192.8,39230.4,35552.6,36813.3,1.92286700682101
2021-06-05T00:00:00,36813.1,37872.1,34812.7,35490.4,1.87406901525765
2021-06-06T00:00:00,35489.9,36414.5,35230.4,35757.2,2.14682401829111
2021-06-07T00:00:00,35758.2,36750.2,33319.5,33540.7,2.16585800785117
2021-06-08T00:00:00,33540.7,34013.5,31016.3,33359.7,2.76875350947979
2021-06-09T00:00:00,33359.6,37494.2,32382.3,37345.4,2.47756600419029
2021-06-10T00:00:00,37345.4,38376.1,35788.6,36639.1,2.71963000974426
2021-06-11T00:00:00,36638.1,37616.1,35946.7,37280.8,2.77946301261215
2021-06-12T00:00:00,37283.5,37402.7,34632,35498.3,1.87186801117605
2021-06-13T00:00:00,35498.3,39323.5,34755.4,38982.3,2.32979201639671
2021-06-14T00:00:00,38977.3,40984.4,38716.6,40484.4,2.71283801204845
2021-06-15T00:00:00,40484.5,41264,39536.2,40118.9,2.83698401388494
2021-06-16T00:00:00,40118.9,40444.4,38079.2,38302.9,2.57082801379249
2021-06-17T00:00:00,38302.9,39507.1,37357,38046.9,2.12428300950398
2021-06-18T00:00:00,38046.9,38158.2,35119.3,35770.5,2.06832680832723
2021-06-19T00:00:00,35775.9,36395.9,34833.1,35447.9,1.43093301294573
2021-06-20T00:00:00,35447.9,36071.3,33327.8,35558.5,1.78079482096238
2021-06-21T00:00:00,35558.3,35699.9,31232.3,31588.4,2.30716450906308
2021-06-22T00:00:00,31588.2,33265,28795.9,32486,2.50495901173542
2021-06-23T00:00:00,32486,34785.8,31690,33642.4,1.91460300184281
2021-06-24T00:00:00,33642.4,35243.3,32301.7,34620.3,1.66671800027291
2021-06-25T00:00:00,34620.3,35460.3,31252,31545.7,1.87554299940143
2021-06-26T00:00:00,31541.8,32636.9,30125.4,32236.7,1.88416201906671
2021-06-27T00:00:00,32236,34692.9,31967.4,34657.4,2.47626372981609
2021-06-28T00:00:00,34659.6,35252.9,33849.8,34448.8,1.81906531013933
2021-06-29T00:00:00,34450.2,36562.7,34198,35871.6,1.8443690059446
2021-06-30T00:00:00,35870.6,36053.1,34019,35012.2,1.31288500051824
2021-07-01T00:00:00,35012.3,35023.7,32706.1,33482.6,1.3552910010045
2021-07-02T00:00:00,33482.6,33924.6,32677.2,33753,1.09776300023225
2021-07-03T00:00:00,33753.8,34881.9,33300.9,34636.4,0.540592802375116
2021-07-04T00:00:00,34634.8,35902.9,34342.5,35249.5,0.515512001897719
2021-07-05T00:00:00,35250.7,35250.7,33112.8,33653.4,1.29887900056633
2021-07-06T00:00:00,33653.5,35059,33512,34186.5,1.32438100039201
2021-07-07T00:00:00,34185.1,35010.5,33769.9,33835.9,1.53576450279204
2021-07-08T00:00:00,33836.4,33894.9,32069.9,32839.3,1.50411900037341
2021-07-09T00:00:00,32838.4,34038.1,32236.6,33775.2,1.16655500047148
2021-07-10T00:00:00,33775.9,34215.9,32998.5,33467.4,0.435954001905429
2021-07-11T00:00:00,33467.3,34560.4,33285.1,34210.9,0.473626001729713
2021-07-12T00:00:00,34211.3,34621.5,32626.2,33060.7,0.831023998659361
2021-07-13T00:00:00,33060.7,33292.2,32163.5,32690,0.82571559884866
2021-07-14T00:00:00,32690.2,33062.1,31560.7,32780.1,0.939218999205764
2021-07-15T00:00:00,32779.4,33142.3,31107.1,31827.4,0.871193198359279
2021-07-16T00:00:00,31827.5,32210,31001.8,31345.6,0.94183999939446
2021-07-17T00:00:00,31348.7,31892.9,31134.3,31478.1,0.48459100222567
2021-07-18T00:00:00,31482.9,32386.1,31086.9,31743,0.441111001678792
2021-07-19T00:00:00,31744.2,31849,30420.1,30797.1,0.761160998459104
2021-07-20T00:00:00,30797.5,31016.4,29267.8,29752.4,0.892828998569826
2021-07-21T00:00:00,29753,32769.3,29461.8,32098.2,1.15340799949365
2021-07-22T00:00:00,32101.8,32556.4,31688.8,32255.2,1.0617179998593
2021-07-23T00:00:00,32255.4,33590.9,31969.8,33590.9,1.16066500081388
2021-07-24T00:00:00,33592.9,34468.1,33383.8,34232.6,0.478840002121501
2021-07-25T00:00:00,34235.2,35389.1,33841.5,35373.7,0.664783002710692
2021-07-26T00:00:00,35373.7,40490.9,35209.2,37205.5,2.98483201128727
2021-07-27T00:00:00,37205.5,39486.6,36365.4,39442.2,2.42338460634902
2021-07-28T00:00:00,39442.2,40851,38772.7,39985.1,2.26443700406776
2021-07-29T00:00:00,39982.8,40594.7,39248.8,39991.4,1.83283200259837
2021-07-30T00:00:00,39991.4,42255.7,38307.5,42180.9,1.70816600250896
2021-07-31T00:00:00,42183.1,42316.8,41027,41415.4,0.804315004721047
2021-08-01T00:00:00,41415.9,42550,39420.4,39825.4,1.17242100428052
2021-08-02T00:00:00,39825.4,40437.1,38654.5,39111.2,1.26475999900242
2021-08-03T00:00:00,39112.1,39738.4,37609.9,38155.9,1.38803299860854
2021-08-04T00:00:00,38155.8,39917.1,37490.3,39692.3,1.22632599795111
2021-08-05T00:00:00,39692.3,41332.6,37307,40844.4,1.43951799846639
2021-08-06T00:00:00,40844.9,43310.2,39859.9,42821.5,1.17028999949321
2021-08-07T00:00:00,42820.9,44689.8,42501.1,44571.4,0.915421004010568
2021-08-08T00:00:00,44580.8,45296.1,43266.2,43782.3,2.16979580905364
2021-08-09T00:00:00,43781.8,46440.7,42791.3,46235.2,1.74587229963856
2021-08-10T00:00:00,46231.3,46663.3,44618.9,45550.3,1.27333499689166
2021-08-11T00:00:00,45552.1,46721.3,45314.9,45506.9,1.24755099714275
2021-08-12T00:00:00,45507.5,46178.8,43764.6,44368.3,1.26276199688846
2021-08-13T00:00:00,44369.2,47821.8,44212,47780.9,1.16662499910717
2021-08-14T00:00:00,47782.2,48113.1,46037.6,47061.7,1.14148600523095
2021-08-15T00:00:00,47061.7,47329.6,45496,46968.5,1.49020500654638
2021-08-16T00:00:00,46968.5,48006.7,45638.6,45873.6,1.51835809971003
2021-08-17T00:00:00,45873.2,47120.1,44389.9,44637.9,1.23476739706443
2021-08-18T00:00:00,44634.7,45977.4,44183.8,44672.1,1.25687199696631
2021-08-19T00:00:00,44671.9,46999.9,43917.6,46722.1,1.11045799834574
2021-08-20T00:00:00,46722.7,49329.3,46606.7,49297.6,1.17127000000141
2021-08-21T00:00:00,49299.7,49750.8,48257.1,48824.3,0.631707002973258
2021-08-22T00:00:00,48821.9,49468.8,48060.6,49243.2,1.69522700741675
2021-08-23T00:00:00,49243.2,50457.1,49008.3,49477.8,2.1411650058659
2021-08-24T00:00:00,49477.8,49823,47562.2,47638.7,1.47425100028499
2021-08-25T00:00:00,47637.3,49207.9,47097,48934.1,1.24443739720205
2021-08-26T00:00:00,48933.9,49312,46289.5,46802.1,1.26115699729871
2021-08-27T00:00:00,46804.1,49121.7,46322.6,49040.5,2.82844601427269
2021-08-28T00:00:00,49041.7,49265.9,48352.1,48876.7,0.706428003988208
2021-08-29T00:00:00,48878.6,49607.2,47772.2,48752.8,1.19526500507834
2021-08-30T00:00:00,48752.8,48853,46824.8,46937.9,1.86060100233544
2021-08-31T00:00:00,46938.6,48209.9,46658.6,47079,1.21629109740152
2021-09-01T00:00:00,47078.8,49074.9,46499.7,48791.7,1.34298899675241
2021-09-02T00:00:00,48790.1,50331.8,48582.7,49233.4,1.37547899653919
2021-09-03T00:00:00,49233.1,50977.2,48320,49973.8,1.57652100075984
2021-09-04T00:00:00,49972.1,50502.2,49380.4,49892.4,0.775638003582571
2021-09-05T00:00:00,49892.4,51846,49462.8,51749.6,1.10406600528756
2021-09-06T00:00:00,51749.6,52733.4,50976.3,52644,1.67597400069087
2021-09-07T00:00:00,52643.9,52883.9,42952.7,46810.9,1.98063700244624
2021-09-08T00:00:00,46808.5,47290.6,44412.9,46009.5,1.9192840014116
2021-09-09T00:00:00,46009.4,47347.6,45500.2,46350.5,1.35829599735189
2021-09-10T00:00:00,46349.8,46989.3,44123.4,44802.8,1.20040199926768
2021-09-11T00:00:00,44802.8,45942.7,44688.2,45117.4,0.783665003914393
2021-09-12T00:00:00,45118.8,46405.6,44715.2,46000.7,0.938084004320331
2021-09-13T00:00:00,46000.7,46799.8,43394.9,44885.3,2.64756901625049
2021-09-14T00:00:00,44886.5,47193.6,44630.6,47064.4,2.34328001497533
2021-09-15T00:00:00,47064.4,48393.8,46654.1,48077.2,2.35603601900948
2021-09-16T00:00:00,48076.7,48433.7,46973,47705,2.38309651974947
2021-09-17T00:00:00,47705,48104.1,46706.5,47245.9,1.84378201399113
2021-09-18T00:00:00,47246.3,48752.2,47015.5,48257.5,0.925744004507465
2021-09-19T00:00:00,48257.2,48328,46793.6,47188.6,1.06411400553782
2021-09-20T00:00:00,47189.4,47283.2,42500,42957.4,2.42289671640346
2021-09-21T00:00:00,42956.4,43573,39559.4,40660.1,2.65978631762191
2021-09-22T00:00:00,40664.8,43953.2,40530.8,43509.6,2.57336201952239
2021-09-23T00:00:00,43511.1,44930.2,43034.8,44826.2,2.73672702363729
2021-09-24T00:00:00,44826.2,45088.9,40705.5,42793.2,2.6426794196006
2021-09-25T00:00:00,42795.2,42936.9,41657.4,42659.2,1.05827500486748
2021-09-26T00:00:00,42658.9,43874,40765.1,43140,1.22860900606224
2021-09-27T00:00:00,43135.2,44300.8,42059.4,42112.3,2.37183041959254
2021-09-28T00:00:00,42111.6,42709.1,40838.4,40965.5,2.78915822785535
2021-09-29T00:00:00,40966.1,42534.3,40722.8,41470.1,1.84654301479077
2021-09-30T00:00:00,41470.1,44048.7,41359.7,43757,1.90655301470269
2021-10-01T00:00:00,43757.4,48409.2,43232.5,48096.6,2.0322389095098
2021-10-02T00:00:00,48100,48275.8,47402.5,47598.9,1.8477274094206
2021-10-03T00:00:00,47597.7,49145.1,47080.1,48167.9,2.3817236120757
2021-10-04T00:00:00,48167.9,49429.6,46872.4,49183.8,2.19136401037031
2021-10-05T00:00:00,49183.8,51836,49015.6,51428.5,2.23714501112772
2021-10-06T00:00:00,51428.5,55691.8,50362.5,55273.1,2.20267300661681
2021-10-07T00:00:00,55274,55284,53353.5,53736.6,2.11401100621742
2021-10-08T00:00:00,53736.6,56031.7,53590.8,53884.4,2.13237201061099
2021-10-09T00:00:00,53887.5,55403.8,53639.9,54901.7,1.80329401361757
2021-10-10T00:00:00,54901.5,56421.9,54100.6,54637.1,2.74030401813616
2021-10-11T00:00:00,54636.8,57763.2,54393.5,57422.6,1.65539000849719
2021-10-12T00:00:00,57422.4,57594.2,53916.6,55944.8,2.09091600928514
2021-10-13T00:00:00,55944.8,57709,54216.7,57309.1,1.98167480845005
2021-10-14T00:00:00,57309.5,58452.4,56792.4,57293,1.80753850714004
2021-10-15T00:00:00,57290.4,62799.6,56821,61592.1,2.08197881159552
2021-10-16T00:00:00,61592.1,62262.8,60099.7,60812.9,2.05054071723125
2021-10-17T00:00:00,60812.9,61633.3,58938.5,61467.2,2.50056201967391
2021-10-18T00:00:00,61464.9,62619.6,59837.4,61979,1.63569690949283
2021-10-19T00:00:00,61978.5,64412,61398.8,64228.2,2.01625600477473
2021-10-20T00:00:00,64223.2,66923.5,63474.2,65955.3,1.79210760302202
2021-10-21T00:00:00,65955.6,66586,62033.8,62142.1,2.50539801257173
2021-10-22T00:00:00,62141.8,63671.8,59960.4,60622.5,2.09533901060456
2021-10-23T00:00:00,60622.4,61662.1,59640.8,61244.2,1.89875741610632
2021-10-24T00:00:00,61244.2,61428.4,59473.4,60787.9,2.09982001874761
2021-10-25T00:00:00,60789.1,63644.1,60592.6,63021,1.15780800808045
2021-10-26T00:00:00,63021,63221.7,59812.1,60260.5,1.79902960873278
2021-10-27T00:00:00,60260.5,61419.8,58048.5,58390.2,2.00077799869678
2021-10-28T00:00:00,58390.2,62398.9,57836.5,60534.8,2.16584400039847
2021-10-29T00:00:00,60534.8,62901.8,60139,62191.8,2.02672561010473
2021-10-30T00:00:00,62194.3,62297.4,60714.8,61823.8,1.61821100904501
2021-10-31T00:00:00,61823.8,62351.9,59965.6,61279.8,2.38399001172468
2021-11-01T00:00:00,61280.4,62422.8,59500,60881.9,1.54929160262398
2021-11-02T00:00:00,60881.9,64231.4,60610.7,63186,2.01097100188917
2021-11-03T00:00:00,63186.1,63493,60224.3,62872.3,1.77529549913612
2021-11-04T00:00:00,62872.3,63049.6,60668.9,61386.1,1.50827399664558
2021-11-05T00:00:00,61386.1,62562.4,60721.1,60953.6,1.42289799729053
2021-11-06T00:00:00,60946.5,61524.9,60049.4,61469.8,1.37110700673531
2021-11-07T00:00:00,61471.4,63248.3,61336.7,63248.3,1.60585670719846
2021-11-08T00:00:00,63248.3,67725.3,63248.3,67493.2,1.21574450074291
2021-11-09T00:00:00,67494.3,68480.3,66222.2,66881.1,1.56483549883411
2021-11-10T00:00:00,66880.6,68932.7,62885.6,64855.3,1.77967820254496
2021-11-11T00:00:00,64854,65534.1,64075.9,64752.2,1.3830821973076
2021-11-12T00:00:00,64750.3,65406.7,62247.6,64085.5,1.60132520030839
2021-11-13T00:00:00,64084.8,64896.2,63338.1,64340.6,1.43965300745344
2021-11-14T00:00:00,64340.6,65446.3,63561.3,65440.2,1.78069000904452
2021-11-15T00:00:00,65440.8,66297.1,63363.8,63560.6,1.1484640033467
2021-11-16T00:00:00,63560.6,63565,58612.1,60043.6,1.97971209697632
2021-11-17T00:00:00,60043.6,60765.8,58379.1,60299.2,2.19223441077459
2021-11-18T00:00:00,60297,60911.4,56464.3,56866.4,2.41192051460367
2021-11-19T00:00:00,56866.4,58342.2,55587.9,58055.6,1.83792170504667
2021-11-20T00:00:00,58055.1,59816.4,57369.5,59690.9,1.14099700577219
2021-11-21T00:00:00,59690.9,59991.2,58492,58650.6,2.0867440115951
2021-11-22T00:00:00,58650.5,59414,55600.4,56225,1.68034600494946
2021-11-23T00:00:00,56224.4,57818.7,55351.2,57513.6,2.11002100675751
2021-11-24T00:00:00,57513.6,57677.3,55847.5,57104.6,1.68559000220603
2021-11-25T00:00:00,57104.6,59381.5,56990.3,58930.9,1.47288900118201
2021-11-26T00:00:00,58929.9,59131.7,53486.9,53721.9,2.00181200355256
2021-11-27T00:00:00,53713,55244.6,53590.6,54703,1.71040700915682
2021-11-28T00:00:00,54700.3,57427,53368.4,57262.3,2.02424701162511
2021-11-29T00:00:00,57262.3,58866.2,56684.8,57773.8,1.21368600289247
2021-11-30T00:00:00,57775.4,59177.2,55871.8,56925.8,1.94744400056788
2021-12-01T00:00:00,56927.3,59046,56432.5,57167.7,2.044548054255
2021-12-02T00:00:00,57167,57356.3,55793,56463.8,1.87370299875829
2021-12-03T00:00:00,56463.7,57597.3,51717.8,53610.9,1.96740916396912
2021-12-04T00:00:00,53603.7,53808.6,42387.4,49181.7,2.47860942135676
2021-12-05T00:00:00,49183,49690.3,47780.6,49398.1,2.57232201164152
2021-12-06T00:00:00,49412.2,50959,47183.2,50462.6,1.91644500249868
2021-12-07T00:00:00,50462.6,51922.9,50013.3,50567.1,1.70046406790317
2021-12-08T00:00:00,50567.1,51185.8,48624.6,50457.4,1.54646153855088
2021-12-09T00:00:00,50457.4,50772.9,47280.2,47524.8,1.88291150319096
2021-12-10T00:00:00,47524.8,50047.2,46859.5,47117.4,2.02649200705639
2021-12-11T00:00:00,47109.6,49437.9,46735.1,49326.5,1.53382028845148
2021-12-12T00:00:00,49326.5,50729,48618.9,50031.7,1.7083270089031
2021-12-13T00:00:00,50041.3,50152.4,45745.8,46667.6,2.06189869764727
2021-12-14T00:00:00,46669,48612.5,46258,48316.8,1.80320300614767
2021-12-15T00:00:00,48315.7,49439.8,46528,48830.2,1.87076900469674
2021-12-16T00:00:00,48831.7,49392.1,47488.3,47589.1,1.44776200488604
2021-12-17T00:00:00,47581.7,47956.3,45438.9,46100.2,1.50996965038524
2021-12-18T00:00:00,46101.5,47297.9,45469.7,46797.1,0.92690300806521
2021-12-19T00:00:00,46799,48244.8,46399.2,46637,1.07876219080398
2021-12-20T00:00:00,46637.2,47458.4,45520.6,46856.7,1.61107300983782
2021-12-21T00:00:00,46855.2,49279.2,46610,48857.7,1.37065319542144
2021-12-22T00:00:00,48858.2,49519.9,48404.5,48600,1.29080610318291
2021-12-23T00:00:00,48600,51332.6,48010.9,50773.4,1.24912760777503
2021-12-24T00:00:00,50773.9,51791.6,50392.4,50774.3,1.19761800156641
2021-12-25T00:00:00,50774.8,51089,50145.3,50680,0.494494002335955
2021-12-26T00:00:00,50495.7,51217.3,49436.1,50738.2,0.924039225831214
2021-12-27T00:00:00,50738.2,52012.8,50420.2,50654.2,1.23638803421755
2021-12-28T00:00:00,50654,50654,47272.2,47496.2,1.66732911284378
2021-12-29T00:00:00,47498.9,48089.5,46057.7,46412.3,1.44041801449657
2021-12-30T00:00:00,46412.3,47848,45937.6,47067.6,1.10387101254082
2021-12-31T00:00:00,47067.7,48512,46779.2,47429.4,0.946123008210293
2022-01-01T00:00:00,46974,47875.5,46806.1,47385.1,0.194985000954716
2022-01-02T00:00:00,46988.8,47423.4,46988.1,47247.1,0.0935320007864675
2022-01-03T00:00:00,47247.1,47518.8,45700,46392.4,1.29937396206079
2022-01-04T00:00:00,46392.8,47482,45503.3,45776.1,1.39856994495939
2022-01-05T00:00:00,45779,47000.7,42440.9,43381.4,1.74003072035926
2022-01-06T00:00:00,43390.8,43722.2,42393.4,43039,1.67890918917412
2022-01-07T00:00:00,43038.9,43078.2,40620.1,41487.5,2.04174649396064
2022-01-08T00:00:00,41489.2,42248.7,40550.5,41629.8,1.14420699280148
2022-01-09T00:00:00,41632.1,42724.8,41250.5,41815,1.18147672461659
2022-01-10T00:00:00,41808.9,42188.6,39604.1,41770.7,1.43353194573329
2022-01-11T00:00:00,41771.8,43054.1,41230.5,42682.7,1.36650323347386
2022-01-12T00:00:00,42682.1,44252.6,42424.2,43862.7,1.57486301207723
2022-01-13T00:00:00,43858.9,44382,42276.8,42517.9,1.61596157124049
2022-01-14T00:00:00,42517.2,43394.5,41731.7,43025.2,1.48783078148437
2022-01-15T00:00:00,43025.6,43755.8,42700.1,43441.9,0.342337002104614
2022-01-16T00:00:00,42939.3,43423,42560.1,43030.6,0.592589824228321
2022-01-17T00:00:00,43030.5,43140.6,41505.9,42166.2,1.21448882098477
2022-01-18T00:00:00,42165.2,42617.1,41246.8,42319.2,1.89123745407821
2022-01-19T00:00:00,42317.2,42517.4,41106.5,41624.7,1.47306467412275
2022-01-20T00:00:00,41624.4,43451.7,40547.2,40674.9,1.24874073249357
2022-01-21T00:00:00,40650.6,41055.3,35437,36436.9,1.96773287193822
2022-01-22T00:00:00,36436.9,36770.9,33982.9,35035.9,1.40031303869084
2022-01-23T00:00:00,35035.9,36488.9,34598.8,36241.9,0.469412130365179
2022-01-24T00:00:00,36209.5,37490.7,32925.6,36635.9,1.53694650562423
2022-01-25T00:00:00,36628.3,37551.2,35668,36926.9,1.64558031159791
2022-01-26T00:00:00,36916.2,38858.2,36206.1,36853,2.06136409515226
2022-01-27T00:00:00,36853,37178.9,35486.6,37132.9,1.84704036375758
2022-01-28T00:00:00,37132.9,37943.7,36120.1,37693.9,1.61456632669569
2022-01-29T00:00:00,37679.9,38677.7,37292.9,38126.1,0.671469081557809
2022-01-30T00:00:00,38128.9,38319.1,37334.9,37874.9,1.86633458761678
2022-01-31T00:00:00,37857.7,38687.2,36642,38449.2,1.34512151406596
2022-02-01T00:00:00,38449.7,39215.3,38035.6,38666.9,1.62720079977598
2022-02-02T00:00:00,38666.7,38822.5,36582,36875.8,1.21859289014081
2022-02-03T00:00:00,36875.8,37302.3,36218.9,37265.5,1.2569197298995
2022-02-04T00:00:00,37265.1,41692.6,36996.6,41554.3,1.55404348392806
2022-02-05T00:00:00,41548.7,41905,40917.9,41387.9,0.618503522789134
2022-02-06T00:00:00,41370.9,42654.9,41135.7,42363.2,0.292754339821661
2022-02-07T00:00:00,42363.1,44455.7,41631.6,43809.8,1.42118647175952
2022-02-08T00:00:00,43809.8,45430.9,42658.2,44020.5,1.60622323342772
2022-02-09T00:00:00,44020.5,44779.9,43128.8,44377.5,1.41945599247828
2022-02-10T00:00:00,44377.5,45791.3,43166.3,43475.9,1.37045201740169
2022-02-11T00:00:00,43462.7,43962.3,41997.9,42404.5,1.2143574750767
2022-02-12T00:00:00,42404.5,43063,41746.9,42282.7,0.141005360387226
2022-02-13T00:00:00,42282.7,42560.3,41854.9,42123.4,0.130885772396131
2022-02-14T00:00:00,42123.4,42893.2,41510.4,42502.9,1.0271238591659
2022-02-15T00:00:00,42494.6,44714.4,42397.7,44518.5,1.06179527472347
2022-02-16T00:00:00,44518.5,44529.2,43336,43840.2,0.882763091854486
2022-02-17T00:00:00,43840.2,44133,40039,40507.9,1.20919699400418
2022-02-18T00:00:00,40507.9,40991.7,39423.8,39794.4,0.876443211004637
2022-02-19T00:00:00,40330.2,40436.1,39884.2,40071.5,0.0188816002744439
2022-02-20T00:00:00,40136.9,40179.9,38009.9,38348.9,0.0893344328957832
2022-02-21T00:00:00,38347.5,39437.4,36769.9,37014.5,1.26802826204651
2022-02-22T00:00:00,37014.5,38390,36318.9,38228.9,1.27981890197042
2022-02-23T00:00:00,38197.9,39280,37044.9,37294.1,0.807364546737891
2022-02-24T00:00:00,37294.1,39640.1,34299.6,38314.9,2.56958808731881
2022-02-25T00:00:00,38300.1,39718,37986.4,38930.9,1.04884964702925
2022-02-26T00:00:00,39177.7,40235,38651.7,39360.5,0.224513032043839
2022-02-27T00:00:00,38514.2,39821,37327.9,37723.9,0.121413292458723
2022-02-28T00:00:00,37723.9,44125,37426.6,43143.5,1.46389756687688
2022-03-01T00:00:00,43144.9,44986,42823.1,44381.2,1.61545699925844
2022-03-02T00:00:00,44381.7,45250.4,43306.1,43964.9,1.35318288259187
2022-03-03T00:00:00,43964.9,44133.1,41793.5,42427.9,0.892515912191146
2022-03-04T00:00:00,42415.1,42476.5,38819.9,39089.9,1.33879567513073
2022-03-05T00:00:00,38947.9,39506.9,38746.6,39311.6,0.278231006465376
2022-03-06T00:00:00,39353.5,39562.6,38089.4,38375,0.314885870384707
2022-03-07T00:00:00,38375,39562.7,37118.8,37978.9,1.51065469770991
2022-03-08T00:00:00,37958.4,39317.9,37837.3,38700.9,1.6861519751622
2022-03-09T00:00:00,38690.4,42587.3,38616.8,41902.2,1.44955609725057
2022-03-10T00:00:00,41903.8,41996,38555.8,39388.9,1.2832276055557
2022-03-11T00:00:00,39386.7,40204.5,38190.1,38861.9,1.54700667926106
2022-03-12T00:00:00,38674.9,39401.7,38613.9,39110,0.26646111690263
2022-03-13T00:00:00,39146.8,39253.9,37547.9,37731.4,0.327106087794322
2022-03-14T00:00:00,37730.9,39856.2,37527.5,39647.9,1.3601745445169
2022-03-15T00:00:00,39647.9,39861.2,38188.5,39250.9,1.01156864970815
2022-03-16T00:00:00,39247,41642.5,38876.7,41073.9,1.45262020615621
2022-03-17T00:00:00,41067.8,41418.3,40500,40885.3,0.99185483869144
2022-03-18T00:00:00,40883.4,42346.9,40144,41727,0.892767341973235
2022-03-19T00:00:00,41831.8,41914.7,41569.8,41756.8,0.104722000805054
2022-03-20T00:00:00,41244.4,41439,41061.8,41219.1,0.145021471601464
2022-03-21T00:00:00,41215.9,41504.5,40480.6,40986.3,0.911543018451786
2022-03-22T00:00:00,40986.3,43269.6,40902.5,42317.3,1.1624339883051
2022-03-23T00:00:00,42317.6,42961.6,41724.3,42847.8,0.976058500024812
2022-03-24T00:00:00,42848.4,44265.5,42595.8,43950.3,1.19212322124287
2022-03-25T00:00:00,43949.9,45115.8,43560,44298.8,1.02673998404797
2022-03-26T00:00:00,44475.9,44557.9,44177.5,44289,0.00915870023054488
2022-03-27T00:00:00,44602.1,46961.7,44391.1,46872.2,0.241315110040182
2022-03-28T00:00:00,46805.8,48229.2,46626.7,47082.3,0.762128636438404
2022-03-29T00:00:00,47070,48130,46947.4,47393.8,1.15864955764778
2022-03-30T00:00:00,47393.6,47734.8,46540.7,47012.9,1.12798777889725
2022-03-31T00:00:00,47012.9,47644.7,45274.4,45478.4,1.03597320469245
2022-04-01T00:00:00,45476.4,46659.9,44195.7,46237.4,0.779033885484877
2022-04-02T00:00:00,46237.4,47154.3,45601.1,45825,0.564126320644156
2022-04-03T00:00:00,45825,47452.2,45515.7,46364.4,0.674825299268063
2022-04-04T00:00:00,46364.4,46834.1,45108.9,46547.2,1.15956230976029
2022-04-05T00:00:00,46544.3,47213.3,45365.8,45449,0.816829974871572
2022-04-06T00:00:00,45449.1,45465.4,43094.4,43138.5,1.06579241592505
2022-04-07T00:00:00,43138.8,43931.8,42718.6,43409.5,0.743076087353891
2022-04-08T00:00:00,43401.7,43996.7,42051.6,42255.4,0.82523504798439
2022-04-09T00:00:00,42255.4,42760.4,42108.1,42723.5,0.570662841195492
2022-04-10T00:00:00,42724.6,43452.7,41864.6,42113.5,0.588508998631333
2022-04-11T00:00:00,42115.6,42383.3,39244,39483.2,0.831828874461739
